premise: Conceptually cream skimming has two basic dimensions - product and geography. [SEP] hypothesis: Product and geography are what make cream skimming work. 	neutral
premise: you know during the season and i guess at at your level uh you lose them to the next level if if they decide to recall the the parent team the Braves decide to call to recall a guy from triple A then a double A guy goes up to replace him and a single A guy goes up to replace him [SEP] hypothesis: You lose the things to the following level if the people recall.	entailment
premise: One of our number will carry out your instructions minutely. [SEP] hypothesis: A member of my team will execute your orders with immense precision.	entailment
premise: How do you know? All this is their information again. [SEP] hypothesis: This information belongs to them.	entailment
premise: yeah i tell you what though if you go price some of those tennis shoes i can see why now you know they're getting up in the hundred dollar range [SEP] hypothesis: The tennis shoes have a range of prices.	neutral
premise: my walkman broke so i'm upset now i just have to turn the stereo up real loud [SEP] hypothesis: I'm upset that my walkman broke and now I have to turn the stereo up really loud.	entailment
premise: But a few Christian mosaics survive above the apse is the Virgin with the infant Jesus, with the Archangel Gabriel to the right (his companion Michael, to the left, has vanished save for a few feathers from his wings). [SEP] hypothesis: Most of the Christian mosaics were destroyed by Muslims.  	neutral
premise: (Read  for Slate 's take on Jackson's findings.) [SEP] hypothesis: Slate had an opinion on Jackson's findings.	entailment
premise: Gays and lesbians. [SEP] hypothesis: Heterosexuals.	contradiction
premise: At the end of Rue des Francs-Bourgeois is what many consider to be the city's most handsome residential square, the Place des Vosges, with its stone and red brick facades. [SEP] hypothesis: Place des Vosges is constructed entirely of gray marble.	contradiction
premise: I burst through a set of cabin doors, and fell to the ground- [SEP] hypothesis: I burst through the doors and fell down.	entailment
premise: Fun for adults and children. [SEP] hypothesis: Fun for only children.	contradiction
premise: It's not that the questions they asked weren't interesting or legitimate (though most did fall under the category of already asked and answered). [SEP] hypothesis: All of the questions were interesting according to a focus group consulted on the subject.	neutral
premise: Thebes held onto power until the 12th Dynasty, when its first king, Amenemhet Iwho reigned between 1980 1951 b.c. established a capital near Memphis. [SEP] hypothesis: The capital near Memphis lasted only half a century before its inhabitants abandoned it for the next capital. 	neutral
premise: I don't mean to be glib about your concerns, but if I were you, I might be more concerned about the near-term rate implications of this $1. [SEP] hypothesis: I am concerned more about your issues than the near-term rate implications.	contradiction
premise: Issues in Data Synthesis. [SEP] hypothesis: Problems in data synthesis.	entailment
premise: well you see that on television also [SEP] hypothesis: You can see that on television, as well.	entailment
premise: Vrenna and I both fought him and he nearly took us. [SEP] hypothesis: Neither Vrenna nor myself have ever fought him.	contradiction
premise: This analysis pooled estimates from these two studies to develop a C-R function linking PM to chronic bronchitis. [SEP] hypothesis: The analysis proves that there is no link between PM and bronchitis.	contradiction
premise: He turned and smiled at Vrenna. [SEP] hypothesis: He smiled at Vrenna who was walking slowly behind him with her mother.	neutral
premise: We sought to identify practices that were commonly implemented by the agencies within the past 5 years. [SEP] hypothesis: We want to identify practices commonly used by agencies in the last 5 years	entailment
premise: The other men shuffled. [SEP] hypothesis: The other men were shuffled around.	entailment
premise: States must show reasonable progress in their state implementation plans toward the congressionally mandated goal of returning to natural conditions in national parks and wilderness areas. [SEP] hypothesis: Itis not necessary for there to be any improvement.	contradiction
premise: well it's been very interesting [SEP] hypothesis: It has been very intriguing.	entailment
premise: He started slowly back to the bunkhouse. [SEP] hypothesis: He returned slowly to the bunkhouse.	entailment
premise: and it's it's quite a bit i think six something is the state and and uh the rest of the pie goes elsewhere but we're in a particular part of the state that's pretty well off so it's it's like we get a lot of that back as far as local taxation goes [SEP] hypothesis: I do not know exactly where the local taxes go.	neutral
premise: They're made from a secret recipe handed down to the present-day villagers by their Mallorcan ancestors, who came here in the early 17th century as part of an official repopulation scheme. [SEP] hypothesis: The recipe passed down from Mallorcan ancestors is known to everyone.	contradiction
premise: yeah well you're a student right [SEP] hypothesis: Well you're a mechanics student right?	neutral
premise: it really is i heard something that their supposed to be starting a huge campaign in New York about um child abuse and stopping child abuse and it's supposed to be like it's starting there supposed to be like a big nationwide campaign and you know so hopefully that will take off and really do something i don't know there's just [SEP] hypothesis: It's unfortunate that nobody is organizing a child abuse campaign.	contradiction
premise: Postal Service were to reduce delivery frequency. [SEP] hypothesis: The postal service could deliver less frequently.	entailment
premise: And in another shift in the economy, it was found that lamb could be raised more cost-effectively on lowland farms in part because of the richer, more nutritious grazing land available there and as a result Lakeland farms became less profitable. [SEP] hypothesis: Another shift in the economy was found to be more nutritious.	entailment
premise: The rule contains information collection requirements which will allow EPA to determine that detergent additives which are effective in controlling deposits are used and that emission control goals are realized. [SEP] hypothesis: The rule has data collection requirements which aid the EPA to realize their emission control goals.	entailment
premise: Almost every hill has to the northeast there's a Moorish fort; no fewer than four ruined fortresses guard the harbour entrance; and two more, still in good repair the Atalaya and Galeras castles protect the sea-front arsenal, of vital importance to Spain's military. [SEP] hypothesis: There are no castles Atalaya and Galeras.	contradiction
premise: Were they in there? [SEP] hypothesis: Were they supposed to be in there?	neutral
premise: Felicia's Journey takes place behind the eyes of its central  a young Irish girl, Felicia, who crosses the sea to England in a hopeful quest to find the father of her unborn child; and the fat, middle-aged catering manager, Hiditch, who takes a paternal interest in the lass when it becomes clear that her young man has caddishly given her the slip. [SEP] hypothesis: The woman did not care where the man was as long as it was far.	contradiction
premise: In the crypt are interred the remains of Voltaire and Rousseau, Hugo and Zola, assassinated Socialist leader Jean Jaurys, and Louis Braille, the inventor of the alphabet for the blind. [SEP] hypothesis: The remains of Voltaire and Rousseau, Hugo and Zola, assassinated Socialist leader Jean Jaurys, and Louis Braille are all interred in the crypt.	entailment
premise: there's a uh a couple called um oh i'm going to forgot his name now uh Dirkson [SEP] hypothesis: I can't remember their name	entailment
premise: Poirot, I exclaimed, with relief, and seizing him by both hands, I dragged him into the room.  [SEP] hypothesis: Poirot was now back and I was sorry that he would take over what I now considered my own investigation. 	contradiction
premise: The word aswan actually means trade or market in ancient Egyptian, signifying its most pre-eminent activity. [SEP] hypothesis: Aswan's meaning has not changed over time.	contradiction
premise: well what the market can bear and [SEP] hypothesis: THe market can't bear any of it.	contradiction
premise: And to show just how fast Japan's new rulers were catching on, two punitive expeditions were launched against Korea and China in the grand manner of 19th-century gunboat diplomacy. [SEP] hypothesis: Japan's new rulers were catching on quickly.	entailment
premise: When the trust fund begins running cash deficits in 2016, the government as a whole must come up with the cash to finance Social Security's cash deficit by reducing any projected non-Social Security surpluses, borrowing from the public, raising other taxes, or reducing other government spending. [SEP] hypothesis: The public would generally prefer to see the government reduce its spending in other areas to finance Social Security.	neutral
premise: These organizations invest the time and effort to understand their processes and how those processes contribute to or hamper mission accomplishment. [SEP] hypothesis: These organizations invest lots of time to understand how some processes can contribute to or haampe	entailment
premise: and it is nice talking to you all righty [SEP] hypothesis: I talk to you every day.	neutral
premise: You have access to the facts.  [SEP] hypothesis: The facts are accessible to you.	entailment
premise: Build environment Engineering Manufacturing Production (all rate tooling) (1st set of production tooling) [SEP] hypothesis: It is the first set of production tooling for manufacturing.	entailment
premise: As long you have your own household in order, fretting about your neighbor's spending habits is a lot like fretting about the color of his living-room rug. [SEP] hypothesis: You should worry about the color of your neighbor's rug. 	contradiction
premise: yeah so um also of course they they can they join the they can always join the military service they are considered citizens i believe [SEP] hypothesis: They can't join the military service	contradiction
premise: She smiled back. [SEP] hypothesis: She was so happy she couldn't stop smiling.	neutral
premise: According to the Office of the Actuary at the Health Care Financing Administration, the estimated net present value of future additional resources needed to fund HI benefits alone over the 75 years is $4. [SEP] hypothesis: The net present value of future additional resources for funding HI benefits was $4.	entailment
premise: Thus, with respect to the litigation services Congress has funded, there is no alternative channel for expression of the advocacy Congress seeks to restrict. [SEP] hypothesis: This is the only channel of expression of the advocacy that Congress seeks to restrict.	entailment
premise: How do we fix this?' [SEP] hypothesis: Can we fix this?	entailment
premise: but that takes too much planning [SEP] hypothesis: It doesn't take much planning.	contradiction
premise: I did not mention Monica in my lecture, but the first question I was asked was how President Clinton could do his job with all the distractions caused by the Monica Lewinsky affair. [SEP] hypothesis: They wanted to get through the lecture without any problems.	neutral
premise: Analyzing Postal Service accounts for depreciation, fuel, and maintenance for city delivery carriers, we have estimated the average city delivery vehicle cost per route. [SEP] hypothesis: Driving cost estimates can be averaged will sufficient data.	neutral
premise: Because it plays on my childhood imagination. [SEP] hypothesis: The art plays on my young imagination.	neutral
premise: it's slow it's uh there are many better machines on the market right now for [SEP] hypothesis: This is the fastest machine, you won't find a better machine.	contradiction
premise: At the heart of the sanctuary, a small granite shrine once held the sacred barque of Horus himself. [SEP] hypothesis: Horus is a god.	neutral
premise: Consider the United States Postal Service. [SEP] hypothesis: Forget the United States Postal Service.	contradiction
premise: In full costume. [SEP] hypothesis: He is wearing a mascot costume.	neutral
premise: Although your journey is going to be difficult and at times you will doubt yourselves, the benefits to clients are well worth it and the satisfaction of hearing even the most recalcitrant of adversaries say that the new system is better than the one that went before is deeply rewarding. [SEP] hypothesis: The new system appears far more complex, but ultimately easier and more thorough.	neutral
premise: Take a remarkable statistic that Shesol cites but lets pass relatively unexamined. [SEP] hypothesis: They had data that was very relevant but under used.	entailment
premise: It might have seemed like manna from heaven - up to thousands of dollars dropping, often unexpectedly, into the hands of a half-million Kentucky and Indiana residents this month. [SEP] hypothesis: A recent law proposed by congress has resulted in the seizure of thousands of dollars from Kentucky residents.	contradiction
premise: Get individuals to invest their time and the funding will follow. [SEP] hypothesis: If individuals will invest their time, funding will come along, too.	entailment
premise: i often think gee i wish i had a video camera because i could sure use ten thousand dollars so but i like things like Evening Shade with Burt Reynolds i really enjoy that and uh [SEP] hypothesis: Video cameras that I need are very expensive.	neutral
premise: The man on the ground thinks for a moment and yells back, You must work in management. [SEP] hypothesis: There was no one on the ground, man or woman.	contradiction
premise: If, however, the evaluation question requires GAO to report on how satisfactory progress is or the reasons for problems in implementation, the more staff who can be on site over time, with the ricHe'st or thickest base for examining the situation as the many people involved see it, the sounder our causal conclusions and subsequent recommendations will be. [SEP] hypothesis: If the GAO has to report on the progress, the recommendations will be much poorer quality.	contradiction
premise: The economy could be still better. [SEP] hypothesis: The economy has never been better.	contradiction
premise: Hills and mountains are especially sanctified in the cult of Jainism. [SEP] hypothesis: The cult of Jainism hates nature.	contradiction
premise: The famous tenements (or lands ) began to be built. [SEP] hypothesis: The land remained deserted.	contradiction
premise: In the midst of this amazing amalgam of cultures is a passion for continuity. [SEP] hypothesis: A passion for continuity is not the most important of these cultures.	neutral
premise: Putting aside stage as a horse-drawn conveyance, a popular delicatessen, a part of a rocket, and an opportunity to mock Gail Sheehy (who seems to get a free ride from News Quiz participants), this question all but demanded the invention of a violent theatrical event, and that's not easy. [SEP] hypothesis:  Gail Sheehy is a popular target for mocking on other shows.	neutral
premise: Entreaties to the apartment's owner have gone nowhere. [SEP] hypothesis: The apartment's owner is very responsive.	contradiction
premise: Mrs. Cavendish is in her mother-in-law's room.  [SEP] hypothesis: Mrs. Cavendish has left the building.	contradiction
premise: But I thought you'd sworn off coffee. [SEP] hypothesis: I thought that you vowed to drink more coffee.	contradiction
premise: We stink all the time. [SEP] hypothesis: We always stink.	entailment
premise: In an increasingly interdependent world, many pressing problems that affect Americans can be addressed only through cooperation with other countries. [SEP] hypothesis: We should be independent and stay away from talking and working with other nations. 	contradiction
premise: Ca'daan continued. [SEP] hypothesis: Ca'daan refused to stop.	neutral
premise: The rule requires broadcasters to maintain a file for public inspection containing a Children's Television Programming Report and to identify programs specifically designed to educate and inform children at the beginning of those programs and to furnish such information to the publishers of program guides. [SEP] hypothesis: The rule makes broadcasters keep a file about children's television programming.	entailment
premise: well because how how hot i mean like like in the coldest that it gets in winter down there how much is it [SEP] hypothesis: It's hot all the time where I live, including winter.	neutral