question: The baby she gave birth to is her husbands and he has even offered to have the courts set her free if she returns, but @placeholder has refused. context: The harrowing stories of women and children locked up for so-called 'moral crimes' in Afghanistan's notorious female prison have been revealed after cameras were allowed inside. Mariam has been in Badam Bagh prison for three months after she shot a man who just raped her at gunpoint and then turned the weapon on herself - but she has yet to been charged. Nuria has eight months left to serve of her sentence for trying to divorce her husband. She gave birth in prison to her son and they share a cell together. Scroll down for video Nuria was jailed for trying to divorce her husband. Her son is one of 62 children living at Badam Bagh prison @highlight Most of the 202 Badam Bagh inmates are jailed for so-called 'moral crimes' @highlight Crimes include leaving their husbands or refusing an arrange marriage @highlight 62 children live there and share cells with their mothers and five others	Nuria
question: The broadcast then faded to black, showing @placeholder singing along to the national anthem. context: Caracas, Venezuela (CNN) -- It's been more than 180 years since Venezuelans saw Simon Bolivar's face. But the revolutionary leader's thick sideburns, bushy eyebrows and steely gaze popped out from behind picture frames Tuesday in new 3-D images unveiled by President Hugo Chavez. Researchers used several software programs to reconstruct the face of the man who liberated Bolivia, Colombia, Ecuador, Panama, Peru and Venezuela from the Spanish crown. Scans of Bolivar's skeletal remains, which investigators exhumed two years ago, factored into their calculations. So did historical paintings, photos of restored uniforms Bolivar wore and images of middle-aged Venezuelans, officials said. @highlight Researchers use computer programs to reconstruct Simon Bolivar's face @highlight Venezuelan President Hugo Chavez unveils new, 3-D portraits of Bolivar @highlight Researchers use data from skeletal remains exhumed two years ago @highlight An investigation into Bolivar's 1830 death has been inconclusive, the government says	Hugo Chavez
question: In 1819, @placeholder founded Gran Colombia, a federation of what is now Venezuela, Colombia, Panama and Ecuador. context: Caracas, Venezuela (CNN) -- It's been more than 180 years since Venezuelans saw Simon Bolivar's face. But the revolutionary leader's thick sideburns, bushy eyebrows and steely gaze popped out from behind picture frames Tuesday in new 3-D images unveiled by President Hugo Chavez. Researchers used several software programs to reconstruct the face of the man who liberated Bolivia, Colombia, Ecuador, Panama, Peru and Venezuela from the Spanish crown. Scans of Bolivar's skeletal remains, which investigators exhumed two years ago, factored into their calculations. So did historical paintings, photos of restored uniforms Bolivar wore and images of middle-aged Venezuelans, officials said. @highlight Researchers use computer programs to reconstruct Simon Bolivar's face @highlight Venezuelan President Hugo Chavez unveils new, 3-D portraits of Bolivar @highlight Researchers use data from skeletal remains exhumed two years ago @highlight An investigation into Bolivar's 1830 death has been inconclusive, the government says	Bolivar
question: In 1819, Bolivar founded @placeholder, a federation of what is now Venezuela, Colombia, Panama and Ecuador. context: Caracas, Venezuela (CNN) -- It's been more than 180 years since Venezuelans saw Simon Bolivar's face. But the revolutionary leader's thick sideburns, bushy eyebrows and steely gaze popped out from behind picture frames Tuesday in new 3-D images unveiled by President Hugo Chavez. Researchers used several software programs to reconstruct the face of the man who liberated Bolivia, Colombia, Ecuador, Panama, Peru and Venezuela from the Spanish crown. Scans of Bolivar's skeletal remains, which investigators exhumed two years ago, factored into their calculations. So did historical paintings, photos of restored uniforms Bolivar wore and images of middle-aged Venezuelans, officials said. @highlight Researchers use computer programs to reconstruct Simon Bolivar's face @highlight Venezuelan President Hugo Chavez unveils new, 3-D portraits of Bolivar @highlight Researchers use data from skeletal remains exhumed two years ago @highlight An investigation into Bolivar's 1830 death has been inconclusive, the government says	Colombia
question: In 1819, Bolivar founded Gran Colombia, a federation of what is now @placeholder, Colombia, Panama and Ecuador. context: Caracas, Venezuela (CNN) -- It's been more than 180 years since Venezuelans saw Simon Bolivar's face. But the revolutionary leader's thick sideburns, bushy eyebrows and steely gaze popped out from behind picture frames Tuesday in new 3-D images unveiled by President Hugo Chavez. Researchers used several software programs to reconstruct the face of the man who liberated Bolivia, Colombia, Ecuador, Panama, Peru and Venezuela from the Spanish crown. Scans of Bolivar's skeletal remains, which investigators exhumed two years ago, factored into their calculations. So did historical paintings, photos of restored uniforms Bolivar wore and images of middle-aged Venezuelans, officials said. @highlight Researchers use computer programs to reconstruct Simon Bolivar's face @highlight Venezuelan President Hugo Chavez unveils new, 3-D portraits of Bolivar @highlight Researchers use data from skeletal remains exhumed two years ago @highlight An investigation into Bolivar's 1830 death has been inconclusive, the government says	Venezuela
question: A new $116 million mausoleum to house Bolivar's remains is under construction in @placeholder, Venezuela's government said in a statement Tuesday. context: Caracas, Venezuela (CNN) -- It's been more than 180 years since Venezuelans saw Simon Bolivar's face. But the revolutionary leader's thick sideburns, bushy eyebrows and steely gaze popped out from behind picture frames Tuesday in new 3-D images unveiled by President Hugo Chavez. Researchers used several software programs to reconstruct the face of the man who liberated Bolivia, Colombia, Ecuador, Panama, Peru and Venezuela from the Spanish crown. Scans of Bolivar's skeletal remains, which investigators exhumed two years ago, factored into their calculations. So did historical paintings, photos of restored uniforms Bolivar wore and images of middle-aged Venezuelans, officials said. @highlight Researchers use computer programs to reconstruct Simon Bolivar's face @highlight Venezuelan President Hugo Chavez unveils new, 3-D portraits of Bolivar @highlight Researchers use data from skeletal remains exhumed two years ago @highlight An investigation into Bolivar's 1830 death has been inconclusive, the government says	Caracas
question: A new $116 million mausoleum to house Bolivar's remains is under construction in Caracas, @placeholder's government said in a statement Tuesday. context: Caracas, Venezuela (CNN) -- It's been more than 180 years since Venezuelans saw Simon Bolivar's face. But the revolutionary leader's thick sideburns, bushy eyebrows and steely gaze popped out from behind picture frames Tuesday in new 3-D images unveiled by President Hugo Chavez. Researchers used several software programs to reconstruct the face of the man who liberated Bolivia, Colombia, Ecuador, Panama, Peru and Venezuela from the Spanish crown. Scans of Bolivar's skeletal remains, which investigators exhumed two years ago, factored into their calculations. So did historical paintings, photos of restored uniforms Bolivar wore and images of middle-aged Venezuelans, officials said. @highlight Researchers use computer programs to reconstruct Simon Bolivar's face @highlight Venezuelan President Hugo Chavez unveils new, 3-D portraits of Bolivar @highlight Researchers use data from skeletal remains exhumed two years ago @highlight An investigation into Bolivar's 1830 death has been inconclusive, the government says	Venezuela
question: The contingency plans outlined military options from blocking outgoing Cuban ships carrying troops and war material to airstrikes against @placeholder bases and airfields. context: U.S. Secretary of State Henry Kissinger ordered contingency plans drawn up nearly 40 years ago to attack Cuba, incensed over the small island's deployment of troops to Angola, according to declassified government documents posted online Wednesday. In several White House meetings, Kissinger advocated for strong action to stop Castro, fearful that his incursion in Africa was making the U.S. look weak. He argued that Cuba's actions were driving fears around the world of a wider race war that could spill over into Latin America and even destabilize the Middle East. In a series of contingency plans that followed, options ranged from a military blockade to airstrikes and mining of Cuban ports. @highlight Then-U.S. Secretary of State angered by Fidel Castro's decision to send troops into Angola in 1975 @highlight Kissinger feared it would ruin his plans for Africa and wanted to retaliate @highlight Drew up plans in 1976 to attack ports and military installations in Cuba @highlight 'I would be in favor of clobbering them,' Kissinger said, according to the documents @highlight Plans never eventuated as Jimmy Carter was elected	Cuba
question: They stated that while the 'threshold' should be low if Cuba moves against U.S. territories, it should be 'highest' for @placeholder. context: U.S. Secretary of State Henry Kissinger ordered contingency plans drawn up nearly 40 years ago to attack Cuba, incensed over the small island's deployment of troops to Angola, according to declassified government documents posted online Wednesday. In several White House meetings, Kissinger advocated for strong action to stop Castro, fearful that his incursion in Africa was making the U.S. look weak. He argued that Cuba's actions were driving fears around the world of a wider race war that could spill over into Latin America and even destabilize the Middle East. In a series of contingency plans that followed, options ranged from a military blockade to airstrikes and mining of Cuban ports. @highlight Then-U.S. Secretary of State angered by Fidel Castro's decision to send troops into Angola in 1975 @highlight Kissinger feared it would ruin his plans for Africa and wanted to retaliate @highlight Drew up plans in 1976 to attack ports and military installations in Cuba @highlight 'I would be in favor of clobbering them,' Kissinger said, according to the documents @highlight Plans never eventuated as Jimmy Carter was elected	Africa
question: Innocence of youth: Many of the @placeholder's younger generations have turned their backs on tribal life and moved to the cities where living conditions are better context: A Peruvian tribe once revered by the Inca's for their fierce hunting skills and formidable warriors are clinging on to their traditional existence in the coca growing valleys of South America, sharing their land with drug traffickers, rebels and illegal loggers. Ashaninka Indians are the largest group of indigenous people in the mountainous nation's Amazon region, but their settlements are so sparse that they now make up less than one per cent of Peru's 30 million population. Ever since they battled rival tribes for territory and food during native rule in the rainforests of South America, the Ashaninka have rarely known peace. @highlight The Ashaninka tribe once shared the Amazon with the like of the Incas hundreds of years ago @highlight They have been forced to share their land after years of conflict forced rebels and drug dealers into the forest @highlight Despite settling in valleys rich with valuable coca, they live a poor pre-industrial existence	Ashaninka
question: 'When it comes to assuring our clients' safety, we take product testing extremely seriously,' @placeholder says in a video taken of the display. context: For everyone who has ever thought about shooting their boss - metaphorically, o fcourse - this one is for you. An employee of a Texas armored car company got to do just that this week to 'demonstrate that they take client safety seriously'. And to further that demonstration, the CEO was sitting alone inside the Mercedes-Benz as 12 rounds from an AK-47 rained down upon the SUV. The company, Texas Armoring Corporation, has supplied protected vehicles to the Pope, celebrities like rapper T.I. and actor Steven Segal and oil executives in West Africa, according to My San Antonio. Texas Armoring Corp. & Jason Forston. @highlight Texas Armoring Corporation created a video to show the effectiveness of their armored @highlight CEO R. Trent Kimball sat in the drivers seat of a Mercedes-Benz SUV @highlight Total of 12 rounds fired at the windscreen @highlight Company known for working with celebrities, oil barons and even the Pope	Trent Kimball
question: Knock off or not, there's no denying the ambition of the China's @placeholder mission, which on December 14 achieved the first lunar soft landing in nearly four decades and aims at a manned mission by 2020. context: By Damien Gayle PUBLISHED: 15:38 EST, 10 January 2014 | UPDATED: 19:30 EST, 10 January 2014 China's space agency today distributed fresh new pictures of the Moon's surface from its lunar lander and rover. The Jade Rabbit rover can be seen trundling across the pockmarked surface of Earth's satellite in pictures released today by the Chinese Academy of Sciences. The successful soft-landing of the Chang'e 3 lander in December made China the third country to complete a lunar rover mission after the United States and Russia. Chasing the horizon: The sky over the Moon appears inky black in this picture showing the Jade Rabbit rover trundling across the lunar surface taken from the Chang'e 3 lander and released today by Chinese scientists @highlight President Xi Xinping made the comments while congratulating scientists @highlight Could be a self-aware spin on worldwide ubiquity of Chinese-made goods @highlight Ironically, even Jade Rabbit's engineers admit their design is derivative	Moon
question: He said Sitton's home had been under police protection and @placeholder had patrolled his home nights with a shotgun since the incident. context: (CNN) -- The father of a 6-year-old girl, one of four relatives who police say were killed by another family member on Thanksgiving Day, said it was "unbelievable" how a tip from a television viewer brought about the arrest of the suspect. "Before the show even came on, Paul was being surrounded by the people behind me," Jim Sitton said Tuesday in Jupiter, Florida, standing in front of police officers. Paul M. Merhige is accused of fatally shooting his twin sisters, Sitton's 6-year-old daughter Makayla -- Merhige's cousin -- and a 79-year-old aunt at a family home in Jupiter, Florida, on November 26. @highlight Dad of slain girl, 6, says arrest of relative is first step towards justice @highlight Viewer tip led to arrest of suspect in fatal Thanksgiving shooting @highlight Paul Michael Merhige was arrested Saturday at motel in Florida Keys @highlight Couple who called police lifted tarp to check license plate on Merhige's car	Jim Sitton
question: According to the study, @placeholder acts as a megaphone for younger web users. context: The way you use Facebook and Twitter could mirror how narcissistic you are, according to a new university study. Research by the University of Michigan examined how social media websites reflect a growing culture of narcissism in the US. Scientists found that middle-aged narcissists are more likely to frequently update their Facebook status, while their younger counterparts take to Twitter to satisfy their vanity. So vain: Adult narcissists are more likely to use Facebook to gain the approval of their peers to boost their ego, according to new research According to Elliot Panek, who was one of three scientists behind the research, middle-aged people use Facebook as a way of gaining approval of their image from their peers, while college students prefer Twitter because they over-value their own opinions. @highlight New research examines link between social media and narcissism @highlight It found younger users are most likely to take to Twitter to boost their ego @highlight But older users will update Facebook in a bid to gain approval from friends	Twitter
question: Soon afterwards, he went stumbling backwards and fell on his backside while trying to control a relatively simple pass from @placeholder. context: Why always me? It was Mario Balotelli who first asked the question of himself, and years later we’re still no closer to finding an answer. The man just seems to be a magnet for everything: good and bad. The centre of attention, like he’s involved in a little exhibition game all of his own. And if we thought the white-hot atmosphere of Istanbul’s Ataturk Stadium would make Mario rein himself in a little after those penalty shenanigans in the first leg at Anfield last week, we were very much mistaken. Liverpool striker Mario Balotelli looks over at manager Brendan Rodgers after being substituted @highlight Mario Balotelli received a yellow card after just 11 minutes @highlight Balotelli and Daniel Sturridge were paired up front against Besiktas @highlight Balotelli was substituted in the 82nd minute for Adam Lallana @highlight The striker did not look happy to be going off with extra time looming	Daniel Sturridge
question: A former constitutional law professor, Obama understands that although he has a limited reserve of power that could allow him to act alone, his power will be far greater with @placeholder. context: (CNN) -- President Barack Obama has done the right thing by asking Congress to authorize the use of force against Syria to punish President Bashar al-Assad for using chemical weapons on his own people. I say that even as someone who has been a sharp critic of the administration's Syria policy and an outspoken advocate of intervening in various ways to try to protect the millions of innocent Syrians whose lives are at risk, prevent the conflict from destabilizing the region and support members of the Syrian opposition who share our values. The president, as he announced in May, is trying to steer this nation back to a world in which we are not permanently at war and we do not turn to our military as the weapon of first resort in any international crisis. @highlight Anne-Marie Slaughter: Obama right to go to Congress about using force in Syria @highlight Slaughter: A world in which nations use chemical weapons with impunity is too dangerous @highlight She says striking Syria now will be a strike to protect the Syrian people, even if belated @highlight Slaughter: It's time for Congress to step up to its responsibility and support Obama	Congress
question: As chairman and chief executive officer of @placeholder, Jobs led the way in marrying the endless possibilities of technology with the glitz and glamour of the entertainment industry. context: (CNN) -- During a 1996 interview with television talk show host Charlie Rose, Apple co-founder Steve Jobs took exception to Rose's characterization of him as "a guy who founds high-tech companies and tries to make another billion." "Yeah, well, I don't think of myself that way," Jobs said. "The things that I have done in my life, I think the things we do now at Pixar [the animation company he bought in 1986], these are team sports. They are not something one person does." If pop culture were a team sport, Jobs would have certainly played quarterback. From the invention of iTunes, which completely changed the business of music, to offering the world its first completely full-length computer-generated animated film with Pixar's "Toy Story" in 1995, Jobs left his indelible fingerprints on the entertainment industry. @highlight Steve Jobs pioneered inventions that changed the way the world consumed media @highlight Pixar made the first fully computer-generated animated film @highlight Billboard editor says Jobs brillance made buying music easy and fun	Pixar
question: By then he was firmly back in the driver's seat as the chief executive officer of @placeholder, which was setting the world afire with its inventions. context: (CNN) -- During a 1996 interview with television talk show host Charlie Rose, Apple co-founder Steve Jobs took exception to Rose's characterization of him as "a guy who founds high-tech companies and tries to make another billion." "Yeah, well, I don't think of myself that way," Jobs said. "The things that I have done in my life, I think the things we do now at Pixar [the animation company he bought in 1986], these are team sports. They are not something one person does." If pop culture were a team sport, Jobs would have certainly played quarterback. From the invention of iTunes, which completely changed the business of music, to offering the world its first completely full-length computer-generated animated film with Pixar's "Toy Story" in 1995, Jobs left his indelible fingerprints on the entertainment industry. @highlight Steve Jobs pioneered inventions that changed the way the world consumed media @highlight Pixar made the first fully computer-generated animated film @highlight Billboard editor says Jobs brillance made buying music easy and fun	Apple
question: @placeholder was a major influence on portable media, which paved the way for gamers to be able to engage in their favorite past time via handheld devices and film fans to be able to stream movies almost anywhere. context: (CNN) -- During a 1996 interview with television talk show host Charlie Rose, Apple co-founder Steve Jobs took exception to Rose's characterization of him as "a guy who founds high-tech companies and tries to make another billion." "Yeah, well, I don't think of myself that way," Jobs said. "The things that I have done in my life, I think the things we do now at Pixar [the animation company he bought in 1986], these are team sports. They are not something one person does." If pop culture were a team sport, Jobs would have certainly played quarterback. From the invention of iTunes, which completely changed the business of music, to offering the world its first completely full-length computer-generated animated film with Pixar's "Toy Story" in 1995, Jobs left his indelible fingerprints on the entertainment industry. @highlight Steve Jobs pioneered inventions that changed the way the world consumed media @highlight Pixar made the first fully computer-generated animated film @highlight Billboard editor says Jobs brillance made buying music easy and fun	Jobs
question: Manchester City are without midfielder @placeholder (groin) and striker Stevan Jovetic (hamstring) will miss Saturday's Barclays Premier League trip to Arsenal. context: Ahead of this weekend's Premier League action, Sportsmail will be providing you with all you need to know about every fixture, with team news, provisional squads, betting odds and Opta stats... Here is all the information you need for Arsenal's home clash with Manchester City... You can like our Arsenal Facebook page here Arsenal vs Manchester City (Emirates Stadium) Kick-off: Saturday 12.45pm - BT Sport 1 Odds (subject to change): Arsenal 7/4 Draw 12/5 Manchester City 6/4 Referee: Mark Clattenburg Managers: Arsene Wenger (Arsenal), Manuel Pellegrini (Manchester City) Head-to-head league record: Arsenal wins 85, draws 41, Manchester City wins 46 @highlight Danny Welbeck could make his Arsenal debut following £16million arrival from Manchester United on transfer deadline day @highlight Aaron Ramsey to be assessed while Mikel Arteta back in full training @highlight David Ospina and Kieran Gibbs are also on the mend for Gunners @highlight Mesut Ozil likely to be fit after missing out for Germany @highlight Stevan Jovetic will miss out for Manchester City with hamstring injury @highlight Fernando will also miss out but Vincent Kompany likely to start @highlight Eliaquim Mangala and Frank Lampard could make debuts	Fernando
question: Amazon has not yet confirmed when the scheme will be launched outside of the @placeholder, or if it will be available to non-Kindle users. context: Amazon has launched its own currency called Amazon Coins. It's currently only available in the States for Kindle Fire owners, but the Coins can be used to pay for games, apps and in-app purchases from the Amazon Appstore. One Amazon Coin is worth one US penny, and Kindle Fire owners are getting 500 Coins ($5) for free as part of the launch. Amazon has launched its own virtual currency called Coins in the US. It is  only available for Kindle Fire users, for the time being, but can be used to buy games, apps and in-app purchases from the Kindle Appstore, as well as buy items from Amazon's retail store @highlight One Amazon Coin is worth one US penny @highlight Coins can be bought in batches of 1000 and Kindle Users have been given 500 Coins for free @highlight Plans to launch Coins in the UK and for non-Kindle users have not yet been announced	US
question: Bedroom: The building in @placeholder is now divided into flats in private ownership and is not open to the public context: By Mark Duell If you fancy living like a king, this could be your chance - because an estate agents is offering wannabe royals the chance to rent a castle. The stunning seven-bedroom property, on the site where Henry II, Henry III and Catherine of Aragon stayed, is available for £7,500 per calendar month. The home was built in the 19th century in the grounds of the former Devizes Castle in Wiltshire, near Bath and Chippenham. Impressive: The stunning seven-bedroom property - on the site where Henry II, Henry III and Catherine of Aragon all stayed - is available for £7,500 per calendar month @highlight Seven-bedroom home was built in 19th century in grounds of former Devizes Castle @highlight Henry II, Henry III and Catherine of Aragon all stayed at castle in Wiltshire near Bath @highlight Stunning property includes drawing room, library, dining room and picture gallery @highlight Many original features including stone archways, feature fireplaces and oak floors	Wiltshire
question: The 2020 mission plans on building on the accomplishments of @placeholder and other Mars missions. context: By Sarah Griffiths PUBLISHED: 12:30 EST, 10 July 2013 | UPDATED: 12:37 EST, 10 July 2013 Nasa's next Mars rover has been given a mission to find signs of past life and to collect and store rock from the the red planet that will one day be sent back to Earth. It will demonstrate technology for a human exploration of the planet and look for signs of life. The space agency has revealed what the rover, known as Mars 2020, will look like. Scroll down for video... Nasa's next Mars rover (plans pictured) has been given a mission to find signs of past life and to collect and store rock from the the red planet that will one day be sent back to Earth. Mars 2020 will also demonstrate technology for a human exploration of the planet @highlight Mars 2020 will collect up to 31 rock and soil samples from the red planet and will look for signs of extraterrestrial life @highlight The new rover will use the same landing system as Curiosity and share its frame, which has saved Nasa $1 billion @highlight The mission will bring the sapec agency a step closer to meeting President Obama's challenge to send humans to Mars in the next decade	Curiosity
question: It is thought that rows with people-smugglers who charge up to £1,000 cash for passage to @placeholder have also contributed to the trouble. context: Their faces covered, a gang of Ethiopian youths marches towards a rival camp in Calais brandishing sticks and rocks. As they come into sight, a group of Eritreans arm themselves and rush out to defend their territory. But French riot police are on the scene within minutes. After firing tear gas from behind their shields they manage to drive the groups apart. Yesterday’s clash was over almost as soon as it started – but it will happen again today. And tomorrow. Scroll down for video Anger: Police step in when immigrants in Calais cause a disturbance, using canisters of tear gas on the camps while the immigrants retaliate with thrown stones and sticks over the fence @highlight French police pictured breaking up fights between rival groups @highlight Officers are stretched to breaking point by constant violence @highlight The gangs fight over the best routes to the ferry port to the UK	UK
question: Yesterday, one Ethiopian man, who asked not to be named, said that @placeholder people smugglers were charging money for access to coveted areas for sneaking aboard lorries. context: Their faces covered, a gang of Ethiopian youths marches towards a rival camp in Calais brandishing sticks and rocks. As they come into sight, a group of Eritreans arm themselves and rush out to defend their territory. But French riot police are on the scene within minutes. After firing tear gas from behind their shields they manage to drive the groups apart. Yesterday’s clash was over almost as soon as it started – but it will happen again today. And tomorrow. Scroll down for video Anger: Police step in when immigrants in Calais cause a disturbance, using canisters of tear gas on the camps while the immigrants retaliate with thrown stones and sticks over the fence @highlight French police pictured breaking up fights between rival groups @highlight Officers are stretched to breaking point by constant violence @highlight The gangs fight over the best routes to the ferry port to the UK	Eritreans
question: Just hours after the clash a 16-year-old Ethiopian girl was knocked over and killed on a busy Calais road yesterday as she tried to board a lorry to @placeholder. context: Their faces covered, a gang of Ethiopian youths marches towards a rival camp in Calais brandishing sticks and rocks. As they come into sight, a group of Eritreans arm themselves and rush out to defend their territory. But French riot police are on the scene within minutes. After firing tear gas from behind their shields they manage to drive the groups apart. Yesterday’s clash was over almost as soon as it started – but it will happen again today. And tomorrow. Scroll down for video Anger: Police step in when immigrants in Calais cause a disturbance, using canisters of tear gas on the camps while the immigrants retaliate with thrown stones and sticks over the fence @highlight French police pictured breaking up fights between rival groups @highlight Officers are stretched to breaking point by constant violence @highlight The gangs fight over the best routes to the ferry port to the UK	UK
question: @placeholder emphasized Wednesday that "NATO needs to focus on the safe havens of terrorists," adding that killing innocent civilians will create "huge problems." context: Kabul, Afghanistan (CNN) -- The commander of U.S. and NATO-led forces in Afghanistan apologized Wednesday after an investigation concluded that coalition troops accidentally killed nine civilians -- including some children -- in a strike Tuesday. Gen. David Petraeus, commander of the NATO-led International Security Assistance Force (ISAF), said he would personally apologize to Afghan President Hamid Karzai after Karzai returns from a trip to London this week. "We are deeply sorry for this tragedy and apologize to the members of the Afghan government, the people of Afghanistan, and, most importantly, the surviving family members of those killed by our actions," Petraeus said in a statement Wednesday. @highlight NEW:  Karzai condemns the incident @highlight Helicopters attacked after insurgents fired rockets at coalition troops @highlight 9 civilians were killed, including some children @highlight Gen. David Petraeus apologizes	Hamid Karzai
question: @placeholder reminds us of climate change and other forgotten campaign issues context: Washington (CNN) -- When Chris Christie praises President Barack Obama as "outstanding" and "incredibly supportive," you know something extraordinary has occurred. Obama updated on Sandy; praised by Christie In this case, it was once-in-a-lifetime Superstorm Sandy, which caused the outspoken Republican governor of New Jersey to declare a state of emergency and seek federal help for widespread devastation. Interviewed Tuesday on NBC, Christie described Obama's response as "outstanding," and he told CNN that the president had been "incredibly supportive and helpful to our state." "This is much more important than any election," Christie told CNN's "Piers Morgan Tonight." Obama has "been outstanding to deal with on this and I look forward to seeing him tomorrow so he can see for himself what this hurricane has done to my state," Christie said Tuesday night. @highlight Mitt Romney surrogate Chris Christie praises President Barack Obama's response to Sandy @highlight The superstorm focuses attention on the role of government in disaster relief @highlight Romney advocates a state-led approach, but his campaign promises enough funding @highlight Obama emphasizes federal, state and local cooperation	Sandy
question: Romney has made political dysfunction in @placeholder a target of his campaign, blaming Obama for what he calls failed leadership in being unable to forge a deficit reduction deal with Republicans. context: Washington (CNN) -- When Chris Christie praises President Barack Obama as "outstanding" and "incredibly supportive," you know something extraordinary has occurred. Obama updated on Sandy; praised by Christie In this case, it was once-in-a-lifetime Superstorm Sandy, which caused the outspoken Republican governor of New Jersey to declare a state of emergency and seek federal help for widespread devastation. Interviewed Tuesday on NBC, Christie described Obama's response as "outstanding," and he told CNN that the president had been "incredibly supportive and helpful to our state." "This is much more important than any election," Christie told CNN's "Piers Morgan Tonight." Obama has "been outstanding to deal with on this and I look forward to seeing him tomorrow so he can see for himself what this hurricane has done to my state," Christie said Tuesday night. @highlight Mitt Romney surrogate Chris Christie praises President Barack Obama's response to Sandy @highlight The superstorm focuses attention on the role of government in disaster relief @highlight Romney advocates a state-led approach, but his campaign promises enough funding @highlight Obama emphasizes federal, state and local cooperation	Washington
question: Romney has made political dysfunction in Washington a target of his campaign, blaming Obama for what he calls failed leadership in being unable to forge a deficit reduction deal with @placeholder. context: Washington (CNN) -- When Chris Christie praises President Barack Obama as "outstanding" and "incredibly supportive," you know something extraordinary has occurred. Obama updated on Sandy; praised by Christie In this case, it was once-in-a-lifetime Superstorm Sandy, which caused the outspoken Republican governor of New Jersey to declare a state of emergency and seek federal help for widespread devastation. Interviewed Tuesday on NBC, Christie described Obama's response as "outstanding," and he told CNN that the president had been "incredibly supportive and helpful to our state." "This is much more important than any election," Christie told CNN's "Piers Morgan Tonight." Obama has "been outstanding to deal with on this and I look forward to seeing him tomorrow so he can see for himself what this hurricane has done to my state," Christie said Tuesday night. @highlight Mitt Romney surrogate Chris Christie praises President Barack Obama's response to Sandy @highlight The superstorm focuses attention on the role of government in disaster relief @highlight Romney advocates a state-led approach, but his campaign promises enough funding @highlight Obama emphasizes federal, state and local cooperation	Republican
question: In 2012, authorities searched a home he had previously shared with his father, @placeholder, and allegedly found that the elder Powell had child pornography in his possession. context: Back to jail: Steven Powell, seen in an old mug shot, is serving 40 days in jail for failing to get treatment Steven Powell, the father-in-law of missing mother Susan Powell, has been sent back to jail for refusing to get sexual deviancy treatment as he awaits child porn charges, it has emerged. A Washington state judge ruled that the 64-year-old, who is from Tacoma, must go back to jail for at least 40 days, RadarOnline reported. Saturday will mark five years since his daughter-in-law Susan vanished in Utah, which means she will be declared legally dead. Her husband, Josh Powell, was long considered a person of interest in her disappearance but was never charged in the case. @highlight The father-in-law of missing Utah mother Susan Powell has headed back to jail for 40 days after failing to get treatment @highlight He served two years in prison after he took sexually explicit photos of two young neighbors and he is now facing child porn charges @highlight Saturday marks five years since Susan vanished - which means that she will be declared legally dead under Utah law @highlight Her husband, Steven Powell's son Josh, was long a person of interest in the case but never charged; he killed himself and their two sons in a 2012 fire	Steven Powell
question: Josh, 36, is suspected to have killed his wife, although family members have voiced their belief that @placeholder was complicit in her presumed death. context: Back to jail: Steven Powell, seen in an old mug shot, is serving 40 days in jail for failing to get treatment Steven Powell, the father-in-law of missing mother Susan Powell, has been sent back to jail for refusing to get sexual deviancy treatment as he awaits child porn charges, it has emerged. A Washington state judge ruled that the 64-year-old, who is from Tacoma, must go back to jail for at least 40 days, RadarOnline reported. Saturday will mark five years since his daughter-in-law Susan vanished in Utah, which means she will be declared legally dead. Her husband, Josh Powell, was long considered a person of interest in her disappearance but was never charged in the case. @highlight The father-in-law of missing Utah mother Susan Powell has headed back to jail for 40 days after failing to get treatment @highlight He served two years in prison after he took sexually explicit photos of two young neighbors and he is now facing child porn charges @highlight Saturday marks five years since Susan vanished - which means that she will be declared legally dead under Utah law @highlight Her husband, Steven Powell's son Josh, was long a person of interest in the case but never charged; he killed himself and their two sons in a 2012 fire	Steven Powell
question: @placeholder is now campaigning for awareness, calling for a boycott of sponsors of the AFL and deliberately spreading information about HD options. context: Mr Rowe has been advocating for the AFL to be broadcast in HD for two years An avid AFL fan has accused the Seven Network of 'backflipping' on a promise to broadcast the 2014 grand final on it's high definition channel. Josh Rowe, a passionate AFL follower, has been advocating for the broadcast of AFL in HD for over two years, with his webite 'AFL in HD Please' having nearly 80,000 followers on Twitter. Rowe went public with emails on Tuesday which detail communication between himself and Seven Melbourne managing director Lewis Martin, which indicate that the network made a commitment to show the AFL grand final on their HD broadcast channel, 7Mate. @highlight Was promised by Seven Melbourne that the AFL grand final would be broadcast in high definition @highlight Managing director Lewis Martin asked him to keep the commitment confidential @highlight Seven Network did a 'gold medal winning back flip' on promise @highlight Claims Martin did this to sabotage campaign for the AFL in HD @highlight Claims Seven is choosing monetary gains over the desires of fans	Josh Rowe
question: By a 40 per cent to a 34 per cent margin, voters expect Ryan to beat @placeholder at their Thursday debate in Danville, Kentucky. context: By Toby Harnden PUBLISHED: 10:25 EST, 10 October 2012 | UPDATED: 07:52 EST, 11 October 2012 Paul Ryan hopes to deliver a knockout blow to President Barack Obama's hopes of re-election if he prevails in tonight's debate in Kentucky. While the Romney campaign has been publicly playing down the chances of Representative Ryan, chairman of the House Budget Committee, scoring a major victory in the vice-presidential debate, privately hopes are high that he could do very well. And if the pictures in the next edition of TIME magazine of the vice-presidential candidate working out in December 2011 are anything to go by, he's pumped up for the 'Thrill in the Ville', in Danville. @highlight Expectations are high that Republican vice presidential nominee Paul Ryan will win the debate against Vice President Joe Biden @highlight Biden, a senator for 36 years, is a far more experienced debater than Ryan, who is 27 years younger than Biden @highlight Republican nominee Mitt Romney is tamping down expectations that Ryan will win the debate to avoid negative fallout if his running mate fails to impress	Biden
question: Charmer: Ryan is widely seen as one of the most intellectually impressive of a new @placeholder generation context: By Toby Harnden PUBLISHED: 10:25 EST, 10 October 2012 | UPDATED: 07:52 EST, 11 October 2012 Paul Ryan hopes to deliver a knockout blow to President Barack Obama's hopes of re-election if he prevails in tonight's debate in Kentucky. While the Romney campaign has been publicly playing down the chances of Representative Ryan, chairman of the House Budget Committee, scoring a major victory in the vice-presidential debate, privately hopes are high that he could do very well. And if the pictures in the next edition of TIME magazine of the vice-presidential candidate working out in December 2011 are anything to go by, he's pumped up for the 'Thrill in the Ville', in Danville. @highlight Expectations are high that Republican vice presidential nominee Paul Ryan will win the debate against Vice President Joe Biden @highlight Biden, a senator for 36 years, is a far more experienced debater than Ryan, who is 27 years younger than Biden @highlight Republican nominee Mitt Romney is tamping down expectations that Ryan will win the debate to avoid negative fallout if his running mate fails to impress	Republican
question: The men were first made to confess they worked for the armies of Egypt and Israel, which borders the @placeholder and have been attacked by militants from the peninsula several times over the past three years. context: The Islamic State's affiliate in Egypt has released a video purporting to show the beheading of eight Bedouin men it accused of working for the Egyptian and Israeli armies. The video, posted on the group's Twitter account late on Monday, also showed what it said were victims of Egyptian military operations in the restive Sinai Peninsula. An insurgency there has killed scores of policemen and soldiers. The Islamic State's affiliate in Egypt Ansar Bayt al-Maqdis has released a video purporting to show the beheading of eight men it accused of working for the Egyptian and Israeli armies. The group last year posted a similar video (above) in which four men, accused of being Israeli Mossad spies, were executed @highlight Footage also shows alleged victims of Egyptian military operations in Sinai @highlight ISIS Insurgency has killed scores of policemen and soldiers on peninsula	Sinai
question: called the emergency line and clearly told a dispatcher @placeholder was context: By Daniel Miller and Helen Pow PUBLISHED: 17:44 EST, 9 December 2013 | UPDATED: 18:30 EST, 9 December 2013 Dropped charges: George Zimmerman's girlfriend has dropped charges against him just weeks after she claimed the volatile man, pictured in July, pointed a shotgun at her and smashed her stuff, and now she even wants him back George Zimmerman's girlfriend has dropped charges against him just weeks after she claimed he pointed a shotgun at her and smashed her stuff, and now she even wants him back, it has emerged. Samantha Scheibe called 911 in November, telling operators Zimmerman was brandishing a weapon during an argument and that she feared for her life. He was charged with felony aggravated assault among other lesser charges. @highlight Samantha Scheibe, 27, called 911 in November, telling operators Zimmerman was brandishing a weapon during an argument at their Florida home @highlight He was charged with felony aggravated assault but she now says she doesn't want to press charges, despite earlier detailing his intense depression and how she feared him @highlight In a December 6 affidavit, filed in court by Zimmerman's attorney, Scheibe writes how she felt 'very intimidated' by police and that they may have 'misinterpreted me' @highlight However, a 911 call has her clearly describing the gun-toting incident @highlight She also states in the new affidavit, 'I want to be with George'	George
question: stay 1,500 feet away from @placeholder at all times and hand over his array of context: By Daniel Miller and Helen Pow PUBLISHED: 17:44 EST, 9 December 2013 | UPDATED: 18:30 EST, 9 December 2013 Dropped charges: George Zimmerman's girlfriend has dropped charges against him just weeks after she claimed the volatile man, pictured in July, pointed a shotgun at her and smashed her stuff, and now she even wants him back George Zimmerman's girlfriend has dropped charges against him just weeks after she claimed he pointed a shotgun at her and smashed her stuff, and now she even wants him back, it has emerged. Samantha Scheibe called 911 in November, telling operators Zimmerman was brandishing a weapon during an argument and that she feared for her life. He was charged with felony aggravated assault among other lesser charges. @highlight Samantha Scheibe, 27, called 911 in November, telling operators Zimmerman was brandishing a weapon during an argument at their Florida home @highlight He was charged with felony aggravated assault but she now says she doesn't want to press charges, despite earlier detailing his intense depression and how she feared him @highlight In a December 6 affidavit, filed in court by Zimmerman's attorney, Scheibe writes how she felt 'very intimidated' by police and that they may have 'misinterpreted me' @highlight However, a 911 call has her clearly describing the gun-toting incident @highlight She also states in the new affidavit, 'I want to be with George'	Samantha Scheibe
question: of Royal-watchers, as well as the @placeholder’s own staff, some of whom could context: By Mail On Sunday Reporter PUBLISHED: 16:04 EST, 11 May 2013 | UPDATED: 01:58 EST, 13 May 2013 As the liveried helicopter touches down in the Palace grounds, highly trained professionals act swiftly but discreetly to unload its precious Royal cargo . . . Prince Charles’s favourite embroidered silk cushion. It took two unofficial Protectors Of The Privy Bottom to attend to the VIP – Very Important Pillow – when the Prince’s maroon twin-engine Sikorsky landed in Kensington Palace last week. After the 64-year-old walked to his waiting car, one of his Scotland Yard bodyguards could be seen bringing up the rear with the red and gold cushion. @highlight Pampered prince helicoptered into Kensington Palace last week	Charles
question: The warships' reported movement comes as tensions between Iran and @placeholder are high, with speculation of a pre-emptive Israeli strike on Iran to stop its suspected nuclear weapons program. context: (CNN) -- Two Iranian warships sailed through Egypt's Suez Canal into the Mediterranean Sea, Iran's semi-official Mehr news agency reported Saturday, amid heightened tensions in the region. The move represents only the second time such ships have crossed the Suez Canal since the Islamic republic's 1979 revolution. The first time took place in February 2011, just days after Egypt's post-Hosni Mubarak government gave the green light to the passage -- putting Egypt's new military leaders in a prickly position with its Israeli neighbor. "As the Navy affected the region with its presence in the Mediterranean Sea last year, the Navy's 18th fleet will in the best way carry the message of peace and friendship to regional countries, and display the might of the country and the sacred system of the Islamic Republic of Iran," said Rear Adm. Habibollah Sayyari, according to Mehr. @highlight NEW: The ships are reportedly heading to Syria @highlight It's only the second time such ships have crossed the Suez Canal since 1979 @highlight The move comes amid heightened regional tensions @highlight Report: The mission carries a "message of peace and friendship," a rear admiral says	Israeli
question: Her appearance marked the first time a direct member of @placeholder's royal family was to testify in court while facing preliminary charges for a crime, according to Spain's royal household. context: Palma de Mallorca, Spain (CNN) -- It was expected to be a court date like no other, with Spaniards riveted to a financial corruption case that involves members of the royal family. But on Saturday, when Princess Cristina arrived at the courthouse here just before 10 a.m., she offered them little. "Buenos dias," she told reporters. "Buenos dias." With that, she entered the building for a proceeding that was closed to the public in a courtroom where a photograph of her father, King Juan Carlos, hangs on a wall. As head of state, his photograph hangs at many courts. Outside, several hundred anti-monarchy and pro-republic demonstrators chanted noisily. @highlight Princess Cristina of Spain appears Saturday in a private proceeding @highlight "Buenos dias," she says upon entering; "Hasta luego," she says upon departure @highlight Cristina and husband are accused in corruption case @highlight The princess maintained her innocence, lawyers at the hearing tell CNN	Spain
question: Break-up: @placeholder is pulled away by team-mates after exchanging punches with Sherman context: Just four months after celebrating lifting Super Bowl XLVIII in New Jersey, mood in the Seattle Seahawks' camp has changed significantly as a training session descended into a brawl. The Seahawks' offence and defence came to blows when Earl Thomas landed on wide receiver Bryan Walters. Richard Sherman and Phil Bates then got into a fistfight and players jumped in to support differing sides. VIDEO Scroll down to watch the Seattle Seahawks' training session descend into brawl Blows: Richard Sherman (right) and Paul Bates (left) get into a scuffle during training Smash: Team-mates rush in to assist both sides as the training ground brawl grows @highlight Earl Thomas landed on Bryan Walters and then fight broke out @highlight Good friends Richard Sherman and Phil Bates exchanged blows @highlight It was only the second day of the Seahawks' pre-season mini-camp @highlight Fight happened just four months after Seahawks' Super Bowl XLVIII victory	Phil Bates
question: The full 16-member court, in an 11-5 ruling, concluded the clause applies only to court actions, not those of state legislators or executive officials, and added that "there is no legal basis on which to conclude that failure to issue a revised birth certificate denies 'recognition' to the @placeholder adoption decree." context: Washington (CNN) -- A same-sex couple has asked the Supreme Court to intervene in a cross-state dispute over their efforts to have both of them officially listed as the parents of an adopted 5-year-old boy. The California couple filed an appeal this week with the high court, saying Louisiana, where the child was born, has an unconstitutional policy against adoption by unmarried couples. The state used that policy to justify naming only one of them on an amended birth certificate. The men, Oren Adar and Mickey Ray Smith, argue that gay couples have a due process right to be listed on such certificates as joint custodial parents. A federal appeals court has ruled against the couple. @highlight Louisiana refuses to list two men as adoptive parents on an amended birth certificate @highlight The men argue they have a due process right to have both officially recognized @highlight The adoption was finalized in New York, but the child was born in Louisiana @highlight An appeals court has ruled against the same-sex couple	New York
question: As well as a different face, @placeholder then represents just one small part of this new network changing the way militaries operate. context: Singapore (CNN) -- Lior Peleg cuts an incongruous figure at the Singapore Airshow. Among the suited middle-aged men selling military hardware she looks more like a beach-loving backpacker, casually dressed in a black tank-top with a camera slung around her neck. But what really marks her out among all the arms salesmen touting the newest military technology -- "lethal but affordable" reads one sign above a missile manufacturer -- is that she one of the few people present with operational military experience. She's a former drone pilot for the Israeli military and represents the new face of air force pilots. @highlight Unmanned Aerial Vehicles -- drones -- now a huge part of military operations across globe @highlight Congressional paper: United States has nearly 7,500 UAVs of all sizes and capabilities @highlight Analysts predict half of U.S. military aircraft will be unmanned within five years @highlight UAVs in missions raise questions over role of humans in combat environments	Lior Peleg
question: @placeholder, a community of about 3,500 people, is 11 miles west of St. Louis. context: (CNN) -- The December death of a 27-year-old woman at the Missouri home of beer tycoon August Busch IV was ruled an accident, a medical examiner said Wednesday. Adrienne Nicole Martin died of an oxycodone overdose, the St. Louis County Office of the Medical Examiner said in a statement. She was found dead December 19 at Busch's Frontenac, Missouri, home, authorities said. The medical examiner's office said that information, and its complete report, was forwarded to the law enforcement agencies investigating Martin's death. Police responded to a call from the home about an unresponsive woman, authorities said. "This girl is not waking up," Michael Jung, a home staff employee at the Busch estate, told the operator. @highlight Adrienne Martin died of an oxycodone overdose, officials say @highlight She was found dead December 19 at August Busch IV's Missouri home @highlight Martin was an aspiring model and art therapist	Frontenac
question: Frontenac, a community of about 3,500 people, is 11 miles west of @placeholder. context: (CNN) -- The December death of a 27-year-old woman at the Missouri home of beer tycoon August Busch IV was ruled an accident, a medical examiner said Wednesday. Adrienne Nicole Martin died of an oxycodone overdose, the St. Louis County Office of the Medical Examiner said in a statement. She was found dead December 19 at Busch's Frontenac, Missouri, home, authorities said. The medical examiner's office said that information, and its complete report, was forwarded to the law enforcement agencies investigating Martin's death. Police responded to a call from the home about an unresponsive woman, authorities said. "This girl is not waking up," Michael Jung, a home staff employee at the Busch estate, told the operator. @highlight Adrienne Martin died of an oxycodone overdose, officials say @highlight She was found dead December 19 at August Busch IV's Missouri home @highlight Martin was an aspiring model and art therapist	St. Louis County Office
question: Mr Artemyev looks out of the @placeholder capsule the three returned to earth in immediately after his landing context: There was a time when a cosmonaut returning to Earth would be feted as a national hero and showered with medals. These days, however, it seems the reward is something rather more modest... a watermelon. Russia's Oleg Artemyev was presented with the fruit yesterday after returning from a six-month posting aboard the International Space Station (ISS). Scroll down for video Russian cosmonaut Oleg Artemyev clutching the watermelon he requested for his return to earth The crew had reportedly developed a craving for apples and watermelons, which they hoped would help quench their thirst upon landing. By contrast Yuri Gagarin, the first man in space, was given numerous honours and treated to a huge reception in Red Square after touching down in 1961. @highlight Two Russian cosmonauts and NASA astronaut touch down in Kazakhstan @highlight The trio had spent six months conducting research aboard space station @highlight They were given watermelons and apples as soon as they exited the capsule @highlight The fruit was specifically requested as they hoped it would re-hydrate them	Russia
question: One @placeholder activist contacted by CNN offered further details about the killings in the videos. context: (CNN) -- New videos posted from the Syrian flashpoint city of Homs suggest a fresh wave of killings by the Syrian military after the fall of the neighborhood of Baba Amr. Activists have provided CNN with footage purportedly showing the bodies of 17 civilians that were discovered February 29 in villages near Baba Amr following an all-out assault on the Homs neighborhood that had held off a government assault for weeks. Much of the video is too graphic to show on air, but analysis of the video showed at least 12 bodies. In one, bodies are piled up in the back of a truck bed covered in blankets. Snow falls on the bodies as people in the background wail, some shouting, "There is no God but God!" One man off camera says, "These are the victims of the massacre by the Shabiha (a government militia), entire families slaughtered by the forces of Assad" -- a reference to Syrian President Bashar al-Assad. @highlight NEW: Opposition activists say they think more vidoes of horror in Baba Amr will surface @highlight Video footage purportedly shows the bodies of 17 civilians discovered near Baba Amr @highlight A man describes entire families slaughtered by President Bashar al-Assad's forces @highlight Avaaz: At least six people killed came from the same family	Syrian
question: The activist cited eyewitnesses as claiming that @placeholder and armed forces rushed through the area opening fire on residents. context: (CNN) -- New videos posted from the Syrian flashpoint city of Homs suggest a fresh wave of killings by the Syrian military after the fall of the neighborhood of Baba Amr. Activists have provided CNN with footage purportedly showing the bodies of 17 civilians that were discovered February 29 in villages near Baba Amr following an all-out assault on the Homs neighborhood that had held off a government assault for weeks. Much of the video is too graphic to show on air, but analysis of the video showed at least 12 bodies. In one, bodies are piled up in the back of a truck bed covered in blankets. Snow falls on the bodies as people in the background wail, some shouting, "There is no God but God!" One man off camera says, "These are the victims of the massacre by the Shabiha (a government militia), entire families slaughtered by the forces of Assad" -- a reference to Syrian President Bashar al-Assad. @highlight NEW: Opposition activists say they think more vidoes of horror in Baba Amr will surface @highlight Video footage purportedly shows the bodies of 17 civilians discovered near Baba Amr @highlight A man describes entire families slaughtered by President Bashar al-Assad's forces @highlight Avaaz: At least six people killed came from the same family	Shabiha
question: @placeholder was once a manufacturing powerhouse and is still covered with old mill buildings, but many are vacant or have been turned into housing or office space. context: By Associated Press PUBLISHED: 21:33 EST, 7 April 2013 | UPDATED: 21:58 EST, 7 April 2013 Rhode Island's tallest building will soon be its most visible symbol of the state's Kryptonite - long economic decline. The 26-story Art Deco-style skyscraper, known to some as the 'Superman building' for its similarity to the Daily Planet headquarters in the old TV show, is losing its sole tenant this month. No one is moving in, and the building, the most distinctive feature on the Providence skyline, will no longer be fully illuminated at night, if at all, its owner says. Going dark: The 26-story Art Deco-style skyscraper, known to some as the 'Superman building' for its similarity to the Daily Planet headquarters in the old TV show, is losing its sole tenant this month @highlight The 26-story skyscraper is known as the 'Superman building' due to its similarity to the Daily Planet in the old Superman TV series @highlight The building is set to go dark as its final tenant, Bank of America, leaves for other office space nearby	Rhode Island
question: Federal immigration law says a U.S. citizen or green card holder can sponsor a spouse so that they can remain together in @placeholder. context: (CNN) -- Anthony Sullivan was a young Australian with Robert Redford looks. Richard Adams emigrated from the Philippines as a child and became an American citizen. The two met in Los Angeles, fell in love and got married in Boulder, Colorado -- long before any state legalized same-sex marriage. County Clerk Clela Rorex issued the gay couple a marriage license at 11 a.m., April 21, 1975. Nothing in the Colorado marriage code mentioned same-sex marriage, and Rorex signed licenses for six couples before the district attorney advised her to end to them. But the licenses were never rescinded. Sullivan and Adams believed their marriage was legal and embarked on a decades-long struggle to attain permanent resident status for Sullivan. @highlight Australian Tony Sullivan married Richard Adams, a U.S. citizen, in 1975 @highlight No country in the world recognized same-sex marriage then @highlight Sullivan overstayed his tourist visa and lived under the radar in order to be with his love @highlight One year after DOMA was struck down, Sullivan is trying again for permanent residence	American
question: But because of @placeholder, the law did not afford that right to binational gay couples. context: (CNN) -- Anthony Sullivan was a young Australian with Robert Redford looks. Richard Adams emigrated from the Philippines as a child and became an American citizen. The two met in Los Angeles, fell in love and got married in Boulder, Colorado -- long before any state legalized same-sex marriage. County Clerk Clela Rorex issued the gay couple a marriage license at 11 a.m., April 21, 1975. Nothing in the Colorado marriage code mentioned same-sex marriage, and Rorex signed licenses for six couples before the district attorney advised her to end to them. But the licenses were never rescinded. Sullivan and Adams believed their marriage was legal and embarked on a decades-long struggle to attain permanent resident status for Sullivan. @highlight Australian Tony Sullivan married Richard Adams, a U.S. citizen, in 1975 @highlight No country in the world recognized same-sex marriage then @highlight Sullivan overstayed his tourist visa and lived under the radar in order to be with his love @highlight One year after DOMA was struck down, Sullivan is trying again for permanent residence	DOMA
question: After @placeholder's demise, about 40,000 such couples became eligible for immigration rights. context: (CNN) -- Anthony Sullivan was a young Australian with Robert Redford looks. Richard Adams emigrated from the Philippines as a child and became an American citizen. The two met in Los Angeles, fell in love and got married in Boulder, Colorado -- long before any state legalized same-sex marriage. County Clerk Clela Rorex issued the gay couple a marriage license at 11 a.m., April 21, 1975. Nothing in the Colorado marriage code mentioned same-sex marriage, and Rorex signed licenses for six couples before the district attorney advised her to end to them. But the licenses were never rescinded. Sullivan and Adams believed their marriage was legal and embarked on a decades-long struggle to attain permanent resident status for Sullivan. @highlight Australian Tony Sullivan married Richard Adams, a U.S. citizen, in 1975 @highlight No country in the world recognized same-sex marriage then @highlight Sullivan overstayed his tourist visa and lived under the radar in order to be with his love @highlight One year after DOMA was struck down, Sullivan is trying again for permanent residence	DOMA
question: I apologize to @placeholder for this action on my part,' said the cornerback. context: By Associated Press and Chris Spargo for MailOnline USC football star Josh Shaw has been suspended from college play indefinitely after admitting to school officials he fabricated a story about spraining both ankles while saving his nephew from drowning. The newly-appointed captain of the Trojans football team said he had seen the seven-year-old struggling in a swimming pool at a family party in Palmdale, California on Saturday night, so he jumped from a second-story balcony to save him from drowning. The claims gained national attention on Monday, but the next day USC Coach Steve Sarkisian announced the school was investigating Shaw’s account after it received phone calls contradicting the story. @highlight Josh Shaw claimed he sprained both ankles when he jumped off a balcony to save his nephew from drowning in a pool at a family party @highlight The newly-appointed captain of the USC football team has now been suspended indefinitely from college play after admitting he lied @highlight USC Coach Steve Sarkisian says he is 'extremely disappointed' in Shaw	USC
question: He added: '@placeholder media companies [are] eager to stay ahead of each other by internationalising their revenues…and shielding their tax exposure.' context: By Aladair Glennie British television is being bought wholesale by greedy American corporations, the head of Channel 4 has warned. The channel's chief executive David Abraham said billionaire media tycoons and production companies want to invest in this country to avoid tax in the US. ITV could one day be owned entirely by shareholders based across the Atlantic while our favourite shows could be produced by internet giants such as Netflix and Google, he said. Giving the annual MacTaggart lecture at the Edinburgh International Television Festival, Mr Abraham called on politicians to do more to protect the UK television industry from overseas interference. @highlight David Abraham said ITV could be owned entirely by US shareholders @highlight He claimed our favourite shows could be produced by Netflix and Google @highlight Abraham was giving the annual MacTaggart lecture in Edinburgh	American
question: ‘The only thing left is a gold ring that is not valuable but has sentimental value because @placeholder gave it to me as a present.’ context: Socialite Carla Powell – confidante to a Who’s Who of celebrities and world politicians – told last night how she was robbed at gunpoint in a terrifying raid at her secluded farmhouse. The 71-year-old, who counts Tony Blair and David Cameron as friends, was thrown to the floor, pistol-whipped and kicked by a masked gang who ransacked her home in hills outside Rome. They escaped with thousands of pounds of jewellery, watches and cash after forcing her to open a safe by beating a member of her staff and threatening to kill him. The gang also fired several shots to terrify their victims. @highlight Lady Powell taken hostage by the gang at her home outside Rome @highlight 71-year-old aristocrat was subjected to a terrifying interrogation @highlight They then broke into her safe and stole jewellery and watches @highlight Lady Powell is married to Thatcher's former adviser Charles Powell	Thatcher
question: VIDEO Scroll down to watch Watch @placeholder's post-match dressing room speech context: Head of Sport Lee Clayton gives his view on  whether some of England's younger players should represent the Under 21s next summer in the Czech Republic There has been plenty of talk of full internationals joining the Under 21s in the summer after Gareth Southgate and his squad qualified for the European Championship. Arsene Wenger and Roberto Martinez have already come out and stated it wouldn’t be beneficial to their players to play and that’s no surprise as they will always look after their clubs’ interests rather than the national team’s. That is a big problem in this country. My view is it’s not a black-and-white case. @highlight There has been plenty of talk of who England should take to the Under 21 European Championship next summer @highlight Fully fledged regulars for club and country — like Jack Wilshere and Raheem Sterling — would benefit from a free summer @highlight But the likes Calum Chambers, Alex Oxlade-Chamberlain, Ross Barkley, Luke Shaw and John Stones would benefit from playing @highlight It could be vital for the senior side ahead of Euro 2016 in France	Gareth Southgate
question: Romney's editorial, though written years before, was a staple of the @placeholder attack against Romney in 2012. context: Hillary Clinton cribbed a page from President Barack Obama's playbook on Thursday by taking a swipe at Mitt Romney's 2008 oped, "Let Detroit Go Bankrupt." At an event outside Detroit, where the former secretary of state endorsed Democrats Mark Schauer and Gary Peters, Clinton spoke glowingly of their support for the 2008 auto bailout that invested billions into the United States struggling auto industry. "Now, they could take the safe way, they could line up with those saying 'Let Detroit go bankrupt,' let manufacturing just wither away," Clinton said to a chorus of boos. "They could be on the side of those who were criticizing what they called government motors." @highlight Hillary Clinton knocks those who wanted to "Let Detroit go bankrupt" @highlight Clinton argued the decision would have "let manufacturing just wither away" @highlight Mitt Romney famously wrote an oped titled "Let Detroit go bankrupt" in 2008 @highlight The oped was used effectively against Romney during his failed 2012 presidential run	Barack Obama
question: Congressional Democrats, meanwhile, are wrestling with rising anger among liberal @placeholder members in the wake of news that the president might agree to entitlement cuts. context: Washington (CNN) -- Top congressional Republicans on Friday used a new dismal jobs report to blast Democrats' push for more tax revenue in the ongoing debt ceiling negotiations, arguing that such a move would derail an already shaky economic recovery. Federal officials reported Friday that the economy added only 18,000 jobs in June -- far below the number predicted by most economists. Unemployment inched up another tenth of a point to 9.2%. "Today's report is more evidence that the misguided 'stimulus' spending binge, excessive regulations, and an overwhelming national debt continue to hold back private-sector job creation in our country," said House Speaker John Boehner, R-Ohio. "A debt limit increase that raises taxes or fails to make serious spending cuts won't pass the House." @highlight GOP leaders say Friday's poor jobs report is more evidence tax hikes can't be part of a deal @highlight Democrats and Republicans are trying to reach a deal to raise the debt ceiling by August 2 @highlight Boehner says that Democrats' insistence on tax hikes jeopardizes any long-term deal @highlight White House source says Obama will insist on a long-term deal in talks Sunday evening	House
question: The aide, however, insisted the only real talks going on are between Obama and @placeholder, who are holding discussions "in good faith." context: Washington (CNN) -- Top congressional Republicans on Friday used a new dismal jobs report to blast Democrats' push for more tax revenue in the ongoing debt ceiling negotiations, arguing that such a move would derail an already shaky economic recovery. Federal officials reported Friday that the economy added only 18,000 jobs in June -- far below the number predicted by most economists. Unemployment inched up another tenth of a point to 9.2%. "Today's report is more evidence that the misguided 'stimulus' spending binge, excessive regulations, and an overwhelming national debt continue to hold back private-sector job creation in our country," said House Speaker John Boehner, R-Ohio. "A debt limit increase that raises taxes or fails to make serious spending cuts won't pass the House." @highlight GOP leaders say Friday's poor jobs report is more evidence tax hikes can't be part of a deal @highlight Democrats and Republicans are trying to reach a deal to raise the debt ceiling by August 2 @highlight Boehner says that Democrats' insistence on tax hikes jeopardizes any long-term deal @highlight White House source says Obama will insist on a long-term deal in talks Sunday evening	Boehner
question: Democrats are confident @placeholder will ultimately agree to some revenue changes -- such as a hike in some fees and the closing of some unpopular tax loopholes. context: Washington (CNN) -- Top congressional Republicans on Friday used a new dismal jobs report to blast Democrats' push for more tax revenue in the ongoing debt ceiling negotiations, arguing that such a move would derail an already shaky economic recovery. Federal officials reported Friday that the economy added only 18,000 jobs in June -- far below the number predicted by most economists. Unemployment inched up another tenth of a point to 9.2%. "Today's report is more evidence that the misguided 'stimulus' spending binge, excessive regulations, and an overwhelming national debt continue to hold back private-sector job creation in our country," said House Speaker John Boehner, R-Ohio. "A debt limit increase that raises taxes or fails to make serious spending cuts won't pass the House." @highlight GOP leaders say Friday's poor jobs report is more evidence tax hikes can't be part of a deal @highlight Democrats and Republicans are trying to reach a deal to raise the debt ceiling by August 2 @highlight Boehner says that Democrats' insistence on tax hikes jeopardizes any long-term deal @highlight White House source says Obama will insist on a long-term deal in talks Sunday evening	GOP
question: Unfortunate: @placeholder were unlucky to have a goal chalked off before falling behind late on context: Leeds denied Middlesbrough both their pizzas and a point on Saturday as debutant Billy Sharp answered Massimo Cellino's call to score some quick goals. Boro's request for the Italian dish to be left in their dressing room at full-time was turned down by Leeds - surprising considering they are heavily under the Sardinian influence of owner Cellino - but they had more to worry about than pizza as Sharp's 88th-minute debut goal condemned them to a 1-0 loss. Sharp signed from Southampton on Wednesday as Cellino responded to Leeds' opening-day defeat at Millwall and was immediately told by the former Cagliari owner to 'hurry up and score some goals'. @highlight Billy Sharp scored in the 88th minute to secure the win for Leeds @highlight The striker only joined from Southampton on Wednesday @highlight It was the Elland Road club's first win in the Championship this season @highlight Leeds owner Massimo Cellino celebrated the win in the stands	Boro
question: Saenz is the newest person on the @placeholder, after three fugitives on the list were recently caught. context: Editor's Note: The FBI had three openings on its list of the Ten Most Wanted Fugitives. Monday night, FBI Assistant Director Kevin Perkins joined CNN's Rick Sanchez exclusively on "Campbell Brown" to announce who filled the first open spot. Tune in at 8 p.m. ET to "Campbell Brown" over the next two nights to find out who else will fill the slots. Officials say Joe Saenz is thought to be linked with Mexican drug cartels. (CNN) -- Joe Saenz rubbed his hands together and smiled as he walked up to a Los Angeles County, California, home. His demeanor gave no clues as to what would happen next. @highlight Joe Saenz wanted in connection with four murders, a kidnapping and a rape @highlight Saenz, a member of Cuatro Flats gang, reportedly kills man on video @highlight FBI believes Saenz graduated from local gangs to international drug trafficking @highlight Saenz allegedly killed mother of his child out of fear she'd turn him in	Ten Most Wanted Fugitives
question: One labor professor said @placeholder's timing in trying to unionize bank workers may be on target "because financial institutions are at a moment of weakness." context: (CNN) -- The powerful Service Employees International Union has decided that, because of the $700 billion financial-system bailout, it wants to organize bank workers. Banks that get taxpayer money need to "ensure their workers have a voice," a union spokeswoman says. In an e-mail dated November 12 and obtained exclusively by CNN, a member of SEIU's Private Equity Project outlined initial discussions to organize bank workers "since the banking industry is now being infused with billions of taxpayer dollars." The e-mail was written by SEIU's Inga Skippings to the director of the Washington office of the Association of Community Organizing for Reform Now (ACORN), a longtime ally and partner of the union. @highlight Union says it is considering targeting banks for unionizing @highlight E-mail from union lists the banks it's "most concerned" about @highlight E-mail cites $700 billion financial-system bailout as reason for move @highlight Spokeswoman: Bailed-out banks have responsibility to ensure workers have voice	SEIU
question: "The sad truth is Mr. Jackson's death was caused by his choices and it would have happened no matter what -- with or without @placeholder." context: Los Angeles (CNN) -- Jurors began deliberations Thursday in the Michael Jackson wrongful-death trial, potentially bringing the contentious case to a close after five months of testimony and three days of closing arguments. The 12 jurors spent two hours in the jury room Thursday afternoon before ending their day; they will return Friday morning for more deliberations. Katherine Jackson's lawyer delivered his final arguments in the AEG Live trial Thursday morning, delivering his rebuttal to defense closing arguments. AEG Live's Marvin Putnam had asked jurors to find Michael Jackson responsible for his death, not the company that promoted and produced his comeback concerts in 2009. @highlight NEW: The jury will resume deliberations Friday @highlight AEG Live's Marvin Putnam asked jurors to find Michael Jackson responsible for his death @highlight Family lawyer: "How dare they accept no responsibility and blame it all on Michael" @highlight The Jacksons are asking for $1 billion to $2 billion in damages from AEG Live	AEG Live
question: Katherine Jackson testified that she filed the wrongful death lawsuit three years ago against @placeholder "because I want to know what really happened to my son." context: Los Angeles (CNN) -- Jurors began deliberations Thursday in the Michael Jackson wrongful-death trial, potentially bringing the contentious case to a close after five months of testimony and three days of closing arguments. The 12 jurors spent two hours in the jury room Thursday afternoon before ending their day; they will return Friday morning for more deliberations. Katherine Jackson's lawyer delivered his final arguments in the AEG Live trial Thursday morning, delivering his rebuttal to defense closing arguments. AEG Live's Marvin Putnam had asked jurors to find Michael Jackson responsible for his death, not the company that promoted and produced his comeback concerts in 2009. @highlight NEW: The jury will resume deliberations Friday @highlight AEG Live's Marvin Putnam asked jurors to find Michael Jackson responsible for his death @highlight Family lawyer: "How dare they accept no responsibility and blame it all on Michael" @highlight The Jacksons are asking for $1 billion to $2 billion in damages from AEG Live	AEG Live
question: The numbers could be important in guiding the jury if it decides to award damages to the @placeholder. context: Los Angeles (CNN) -- Jurors began deliberations Thursday in the Michael Jackson wrongful-death trial, potentially bringing the contentious case to a close after five months of testimony and three days of closing arguments. The 12 jurors spent two hours in the jury room Thursday afternoon before ending their day; they will return Friday morning for more deliberations. Katherine Jackson's lawyer delivered his final arguments in the AEG Live trial Thursday morning, delivering his rebuttal to defense closing arguments. AEG Live's Marvin Putnam had asked jurors to find Michael Jackson responsible for his death, not the company that promoted and produced his comeback concerts in 2009. @highlight NEW: The jury will resume deliberations Friday @highlight AEG Live's Marvin Putnam asked jurors to find Michael Jackson responsible for his death @highlight Family lawyer: "How dare they accept no responsibility and blame it all on Michael" @highlight The Jacksons are asking for $1 billion to $2 billion in damages from AEG Live	Jacksons
question: Putnam argued that the number, if the jury finds @placeholder liable, should be closer to $21 million, the amount of money AEG Live's expert calculated Jackson would have given his mother and three children over the next 16 years. context: Los Angeles (CNN) -- Jurors began deliberations Thursday in the Michael Jackson wrongful-death trial, potentially bringing the contentious case to a close after five months of testimony and three days of closing arguments. The 12 jurors spent two hours in the jury room Thursday afternoon before ending their day; they will return Friday morning for more deliberations. Katherine Jackson's lawyer delivered his final arguments in the AEG Live trial Thursday morning, delivering his rebuttal to defense closing arguments. AEG Live's Marvin Putnam had asked jurors to find Michael Jackson responsible for his death, not the company that promoted and produced his comeback concerts in 2009. @highlight NEW: The jury will resume deliberations Friday @highlight AEG Live's Marvin Putnam asked jurors to find Michael Jackson responsible for his death @highlight Family lawyer: "How dare they accept no responsibility and blame it all on Michael" @highlight The Jacksons are asking for $1 billion to $2 billion in damages from AEG Live	AEG Live
question: To perform the daring stunt, Mr @placeholder said they both needed to be perfectly in sync to ensure they wouldn't fall into the glider context: A pair of adrenaline junkies took their love of extreme sports to a new level by being sling-shotted out of a paraglider at nearly 15,000 feet. Thrill-seeking Horacio Llorens, 32, from Spain, and Hernán Pitocco, 36, from Argentina, performed the daring stunt high above the Pyrenees mountain range in southwest Europe. They took a hot air balloon to 14,700 feet, and then the pair were filmed as they hurled themselves off the edge, before launching into a series of stunning somersaults. After building up to a massive force of 7G, they sling-shotted themselves out of a paraglider and skydived down to a ski resort below. @highlight Horacio Llorens, from Spain, and Hernán Pitocco, from Argentina, performed the daring stunt above the Pyrenees @highlight They took a hot air balloon to 4,500 metres, and then the pair were filmed as they hurled themselves off the edge @highlight After building up to a massive force of 7G, they sling-shotted themselves out and skydived down to a ski resort	Horacio Llorens
question: Hike: @placeholder fans are set to face price rises yet again context: By Hamish Mackay Gary Lineker has accused Premier League clubs of being greedy over ticket prices, saying there is no need for them to charge as much as they do. As Sportsmail revealed on Sunday, more than half of all top-flight English clubs have raised their prices for the coming season - despite new TV deals bringing in £5.5billion over a three year period. And Lineker tweeted: 'There is absolutely no need for Premier league clubs to charge what they do given TV revenues these days. It's pure avarice!' VIDEO Scroll down to watch much happier Coventry fans pitch invading in a crazy storm @highlight More than 50% of Premier League clubs raise season-ticket prices @highlight This is despite new TV deals worth £5.5billion over three years @highlight Football Supporters' Federation (FSF) planning a protest march @highlight Lineker says clubs have no right to charge the prices they do	Premier League
question: leaders planned to push @placeholder 'out of a stalemate through tactical and context: By Mia De Graaf A secret 'Cuban Twitter' that swept the communist country was set up and funded by the White House to 'inspire dissent', it has emerged. ZunZuneo, local slang for 'tweet', drew in more than 40,000 users in just two years as the nation continues to limit free internet use. Today it has emerged the project, launched in 2009, was covertly funded by the US Agency for International Development - and American contractors were gathering subscribers' personal data for political purposes. Scroll down for video Revelation: More than 40,000 Cubans were using ZunZuneo, a secret Twitter created for the communist country, without knowing it was funded and monitored by the US, gathering their information @highlight ZunZuneo 'funded by US' and designed to 'trigger mass gatherings' @highlight Amassed more than 40,000 users in 2 years before it abruptly disappeared @highlight Documents reveal network was used to gather information for political use @highlight Also show creators were banned from revealing White House involvement @highlight Cuba's leaders view internet as 'wild colt' that 'should be tamed' @highlight 2009 launch followed arrest of US contractor on secret mission to provide internet for Cubans using technology only available to government officials	Cuba
question: Cyrus said he was moved by the story of @placeholder's actions in the school shooting and decided to recognize him when offered a chance to perform at Lake Tahoe. context: Country singer Billy Ray Cyrus honored a Nevada teacher killed by a 12-year-old student in a schoolyard shooting last year, calling him a 'true American hero.' Cyrus praised Michael Landsberry and presented a memorial plaque to his widow, Sharon, during a concert Saturday night in Incline Village, a Nevada community on north shore of Lake Tahoe. Police say Landsberry, a 45-year-old ex-Marine, tried to talk the shooter, 12-year-old Jose Reyes, into turning over the handgun before he was shot in the chest Oct. 21 at a middle school in the Reno suburb of Sparks. The student wounded two classmates before taking his life. @highlight Michael Landsberry was fatally shot by a 12-year-old student at Sparks High School in Nevada on October 21, 2013 @highlight The boy, Jose Reyes, also shot two other students, both of whom survived @highlight Reyes then turned the gun on himself @highlight Landsberry was trying to talk Reyes into dropping the gun when he shot him @highlight The hero teacher served three tours in Afghanistan while in the Marine Corps. @highlight Billy Ray Cyrus lauded Landsberry as a hero and presented his widow with a memorial plaque during a concert in Nevada on Saturday	Landsberry
question: Celebrity style: Many famous faces choose to stay in @placeholder in Vegas for their gorgeous boutique-style rooms context: It regularly lures the biggest names in showbiz to pack their designer bags and take up residency for a good number of years. So it's no wonder that Las Vegas is now home to some of America’s most fine dining restaurants, luxury hotels and entertainment shows that have kept divas like Britney Spears, Celine Dion and Elton John occupied when they're not on stage. Britney, 32, currently the most well-known diva to be digging the desert – recently extended her residency for a further two years until 2016, performing her show Piece Of Me at The AXIS at Planet Hollywood, and is clearly loving life on the strip. @highlight Gordon Ramsay Steak has been visited by the likes of Britney Spears, David and Victoria Beckham and One Direction @highlight A-List stars Celine Dion and Demi Moore flock to the luxurious Palms spa when they visit Sin City @highlight Adam Sandler, Hayden Panettiere, and rapper Nas are just a few celebrity names that enjoy STK restaurant at The Cosmopolitan	Cosmopolitan
question: week to recover @placeholder, when colder temperatures would afford them context: By Associated Press and James Rush Father Robert Cormier, of Jersey City, died after falling about 1,000ft from the top of Oregon's tallest peak, it has been reported A Catholic priest from New Jersey died after falling about 1,000ft from the top of Oregon's tallest peak. Father Robert Cormier, 57, of Jersey City, ascended Mount Hood's south side with two others but continued alone when one of his companions suffered a leg cramp, Hood River County sheriff's spokesman Pete Hughes said. Father Cormier appeared to reach the summit before he fell near Eliot Glacier at the volcanic peak 50 miles east of Portland. @highlight Father Robert Cormier ascended Mount Hood's south side with two others @highlight But he continued alone when one of his companions suffered leg cramp @highlight He appeared to reach the summit before he fell near Eliot Glacier at the volcanic peak, investigators have said	Cormier
question: The most recent death at @placeholder was in August. context: By Associated Press and James Rush Father Robert Cormier, of Jersey City, died after falling about 1,000ft from the top of Oregon's tallest peak, it has been reported A Catholic priest from New Jersey died after falling about 1,000ft from the top of Oregon's tallest peak. Father Robert Cormier, 57, of Jersey City, ascended Mount Hood's south side with two others but continued alone when one of his companions suffered a leg cramp, Hood River County sheriff's spokesman Pete Hughes said. Father Cormier appeared to reach the summit before he fell near Eliot Glacier at the volcanic peak 50 miles east of Portland. @highlight Father Robert Cormier ascended Mount Hood's south side with two others @highlight But he continued alone when one of his companions suffered leg cramp @highlight He appeared to reach the summit before he fell near Eliot Glacier at the volcanic peak, investigators have said	Mount Hood
question: History: @placeholder's debut made him the third youngest player to ever appear for Stoke context: Manchester City midfielder Frank Lampard touchingly swapped shirts with Stoke City teenager Oliver Shenton following their Premier League clash on Wednesday night after learning from Peter Crouch that the youngster had recently lost his mother to cancer. Upon hearing the news from his former England team-mate, Lampard approached 17-year-old Shenton after Manchester City's 4-1 win at The Britannia and the pair agreed to swap shirts. Lampard had to suffer the bereavement of his own mum Pat in 2008, a tragedy he later admitted left him 'in a daze' and almost unable to remember his performances at Chelsea that season. Manchester City's Frank Lampard traded shirts with Stoke City teenager Oliver Shenton on Wednesday @highlight Frank Lampard traded shirts with Stoke City teenager Oliver Shenton @highlight Peter Crouch told Lampard that Shenton had lost his mother to cancer @highlight The 17-year-old was making his first-team league debut @highlight The game was played two days after his mother's funeral @highlight The former Chelsea midfielder approached the youngster to trade shirts @highlight Lampard's own mother, Pat, passed away in 2008 @highlight Lampard's Manchester City beat Stoke 4-1 at the Britannia on Wednesday	Oliver Shenton
question: 'made her heart feel better' so many people were affected by @placeholder's context: By Emily Anne Epstein PUBLISHED: 11:46 EST, 4 October 2012 | UPDATED: 15:37 EST, 4 October 2012 An Oakland Athletics pitcher has gone from the joy of welcoming his first son into the world to mourning his tragic death in just 23 short hours, sharing every moment of his emotional journey with his fans. Gehrig John Neshek was born weighing 8lbs, 5oz, to parents Pat Neshek, 32, and wife Stephanee on Tuesday, October 2, 2012, but the boy did not make it through the night, passing away in his mother's arms of an unknown condition. 'Please pray for my family,' Mr Neshek tweeted yesterday evening. 'Tonight my wife & I lost our first & only son 23 hours after he was born with no explanation.' @highlight Gehrig John Neshek was born weighing 8lbs, 5oz, to parents Pat Neshek, 32, and wife Stephanee @highlight Named after baseball legend Lou Gehrig  on Tuesday, October 2, 2012 @highlight Died inexplicably while sleeping in his mother's arms	Gehrig
question: The USAF says that @placeholder included 12,618 sightings reports, with 701 of which remained 'unidentified' – or around 5.5 per cent of the files. context: In 1948, the US government launched several inquiries into UFO sightings, which many believed were sparked by Cold War paranoia. In what became known as 'Project Blue Book,' more than 12,000 encounters with UFOs were looked into by the Air Force. Now, decades after the files were closed, the microfilms have been made available online for free – allowing anyone to re-examine the evidence. Scroll down for video Pictured is the staff of Project Blue Book, which recorded more than 12,000 encounters with UFOs. Sitting in the centre is Hector Quintanilla, the last chief officer of Project Blue Book @highlight The files relate to USAF investigations into UFO from 1947-1969 @highlight They were conducted under 'Project Blue Book' which ended in 1970 @highlight More than 700 cases remain unsolved, accounting for 5.5% of the files	Project Blue Book
question: So whether or not @placeholder actually stays focused on the economy is anyone's guess. context: (CNN) -- For the better part of four years, voters have said the No. 1 issue is the economy. For the past year, the economy has been the GOP's primary point of attack against President Obama. For months, the economy and job creation has been Mitt Romney's calling card. So now that the president has stepped out and voiced support for marriage equality, we're going to see if the economy and jobs remain the top issue or if the direction of this election has been permanently altered by Obama's historic remarks. Remember, Republicans characterized the war on women as a Democratic strategy to divert attention from the "real issue" of the economy. Over the next couple of days, we'll see if the GOP will be as dismissive with gay rights. Or will the fact that in 2004, George W. Bush successfully used discrimination against the gay-lesbian-bisexual-transgender (GLBT) community to motivate his base be too juicy a strategy for Romney and the gang to pass up? @highlight LZ Granderson: For years, the economy has been seen as the dominant issue @highlight He asks if Obama's support for gay marriage will change the Romney camp's direction @highlight LZ: Obama showed he is no coward; he didn't have to address the issue before election @highlight He says the move separates Obama from Romney, whose flip flops have been an issue	Mitt Romney
question: Even in the one area where on paper @placeholder has significant credibility -- the economy -- 44% of voters believe the president will do a better job, while 42% prefer Romney, according to a CNN poll. context: (CNN) -- For the better part of four years, voters have said the No. 1 issue is the economy. For the past year, the economy has been the GOP's primary point of attack against President Obama. For months, the economy and job creation has been Mitt Romney's calling card. So now that the president has stepped out and voiced support for marriage equality, we're going to see if the economy and jobs remain the top issue or if the direction of this election has been permanently altered by Obama's historic remarks. Remember, Republicans characterized the war on women as a Democratic strategy to divert attention from the "real issue" of the economy. Over the next couple of days, we'll see if the GOP will be as dismissive with gay rights. Or will the fact that in 2004, George W. Bush successfully used discrimination against the gay-lesbian-bisexual-transgender (GLBT) community to motivate his base be too juicy a strategy for Romney and the gang to pass up? @highlight LZ Granderson: For years, the economy has been seen as the dominant issue @highlight He asks if Obama's support for gay marriage will change the Romney camp's direction @highlight LZ: Obama showed he is no coward; he didn't have to address the issue before election @highlight He says the move separates Obama from Romney, whose flip flops have been an issue	Mitt Romney